0,1,2,3,4,target
0.04773004669026204,-0.007780279680160853,0.7309167606539261,1.8624190699687568,-0.2067903163211282,-13.204845980231148
-0.3766163177738214,-0.2313317456800798,0.09394243011302869,0.40973325165843316,0.36834014211062177,-7.770627337572797
0.1732988980071236,-0.9091373481956257,1.4480817137748925,-1.3910158726918271,-0.3115196063148896,-77.04361313623167
-0.6448534239104824,-0.927375987411721,-0.8755760443409716,0.5983537204700048,0.16433611322150118,-106.88522767279919
-0.9087264834181307,0.7039644056073631,1.9587830863223543,0.064247327329218,1.1331298853093594,86.19383739821396
1.2102905448057388,-0.10585774894566974,0.9384079806089364,-1.4082537607386227,-0.3049787324707141,74.63434436196586
0.914309118518888,-0.5816775059429167,1.8013403260104364,0.6360294621952908,0.37162047356634875,79.70069842822807
0.9280336642198868,-0.6633970950729878,-0.33754434414785395,-0.14459662026665787,1.8393754010087087,215.82349504848705
1.3072138579110633,-0.4395218083266725,-0.5247156263832783,1.566362578252215,-0.20145009576174547,70.71688532276411
0.8419420651457181,-1.9005671395209394,1.1815167024049416,0.42969747578431894,-0.18845911792878742,-77.87201449180077
0.23973672452249814,-0.8285308378665014,1.2096429684469698,-0.05016435010885673,-0.19909274281054065,-53.84529301420127
1.4072812517440318,1.6791716798424254,-0.33044164989882574,0.7604676666037026,-0.17104514302633775,239.1053845757773
-1.2748946541451671,-0.6516439925672689,-0.9999173371092698,1.991213814347902,-0.11209615535106954,-168.26614832718496
-0.5755385983202461,-1.6655918624810262,0.32311206973868783,0.2435318529587172,-0.05541804060265991,-174.69896447563082
-1.1812163192435372,-0.3224566364571036,-0.4221158583804303,-1.0347254143974214,0.28541581986130193,-98.06623956642657
2.148385411838991,0.7555844233493134,0.7169307486905381,1.1858054157291797,-0.3121478190097356,224.53468552042364
-1.351751728071621,0.7607745428343069,2.317677249668261,-0.280447364256876,-0.4555672758751237,-103.92620916028159
-0.6643623061009807,-0.5859863333516948,-0.006003706745704214,-0.8104379344332246,-0.23367819501359408,-119.0626694331457
0.10948626056536398,0.2854789776165805,-1.2619869410637843,0.45267892346662625,0.7800359654393032,112.94476663561156
-1.3882840648953347,0.8214466908560288,-1.1635196967176853,0.32098280757066905,-0.6661786044207869,-122.69269875300488
0.08679701136551637,0.3543727457135292,0.4057654897957908,0.39240005150190804,0.23465829424491527,62.213847264566965
-0.27635937245686276,-1.5990800222515185,1.265438393818155,0.6945416579647626,1.1490730800947913,-27.589602465645456
-0.5595971119807192,-1.0262938925152416,-2.2589791457902018,0.022231314301941033,1.1256903899350659,-14.023096931125556
-2.172429974319072,2.514850182060041,0.2430414149584657,-0.1756492800207258,0.34709195945281973,28.779734257396136
-0.3237016598724514,2.305011863296297,-1.538444078759637,0.8604311156292843,0.2887490125407715,171.98156827251105
1.36381510593908,-1.593011162840907,0.6092559449705538,-0.3659530454143281,-2.2586331866744813,-206.46370672583973
0.6482656150917547,0.6335724829843338,0.3806257651946143,0.4146646917425301,-0.33091303877492756,76.37519550246111
0.4414330041205808,-0.11889826589276369,-0.5873794621839025,0.46767931557662773,1.541761315908294,182.44092267348972
0.6802463094227502,-0.5770715908341832,-0.9146211325903398,-0.5426711189372307,-0.6365893713556449,-38.96989407430415
0.733930665181364,1.3703857679939193,0.39900447815388446,-0.49528156820974295,-0.7655477101453682,97.7585379707859
-0.22788692903052388,0.396250867500906,1.0986965470116006,-0.32074698676471963,0.0868424567864865,22.632986014579924
-1.3407190723071776,0.24882436941602287,1.1042795483988228,-0.8170004788583415,0.543566869667389,-45.56253729591687
1.991078507391787,-0.2543760710885179,-1.3665581724545421,-1.876634291461965,-1.9969047557260873,-25.512274243757375
-1.0480341597885536,-0.6899171250072597,-0.09540256111643348,0.5941447999531201,0.26861277328047145,-113.55648553837202
-1.6567113869531067,0.31907841397469355,-0.1776318446863675,-0.4392479237776968,0.43094699202653985,-80.31225277457715
0.12841331816813675,-1.3035211271878595,-0.6505840100443187,0.021023058092969303,2.833368292431962,191.41814021238187
-1.3185076884568725,-0.8341428201190162,0.9338505157511351,-0.14970919194793422,0.18884283752711103,-156.47485166965515
-0.12607016804624555,0.2922658955522797,0.045400792261766486,1.7506760210317318,1.0129234687316624,112.32653825848269
0.04308480854409681,1.139342782252569,0.4238278360265279,-0.07624804021947298,-0.32202412184591517,61.741498967220444
2.0508253013305366,-0.017954771754837087,-0.09720282137051531,1.1085611083469582,-1.2140033036699391,72.45905699156621
-1.4344333946005856,0.9259600977004158,0.4874196575994807,0.7825691578977176,0.012710923215924519,-52.82908012440579
-0.8428284735046089,0.4934839414941943,1.0306498651949632,-0.011717197012103582,2.0083544188570652,157.35368586150483
1.1769669397211804,2.5438608046112265,-0.301175154596779,0.3512913387251752,0.022680781423991235,301.29995419093063
-0.883134695377417,-0.6591466471818431,-0.4110213825086023,-1.3062614189046018,0.300720209014969,-93.57853286117131
-0.859952520328952,-1.4044009641402697,1.233605074083287,0.8888102568781838,-0.28099936037714424,-201.89184428858536
1.5874214401877587,-0.3457192397992351,-0.7499025028948496,1.534788303673253,0.3433026693245091,153.95270583536825
0.07895424477044063,-0.16018052025022664,-1.5608775565931883,0.7163202630825226,-0.7018637939070458,-65.53578654749822
-0.7770692877491664,0.7371776951007045,-0.4906760620789892,0.3571925189359546,0.32356668603002825,21.245912638805457
0.004765169064087731,0.5928695918702724,-1.7505343240989348,0.6907813772419008,0.1103995185606399,57.82154088983378
-1.11740010744363,1.3616945303812742,1.1402016994957853,0.7210084111594587,0.009271761529718568,6.644741389991913
-1.2776596510932559,-0.5667792750865986,0.4594177087683632,-0.8787474437690016,-0.27469610780795845,-179.36830170500568
0.42719844582304495,-0.8632708604981303,0.7286300744992104,-1.2335427229623523,1.2564890743470625,100.34778174778174
1.2718357567795633,-1.5061997554173363,-0.34377400998027025,-0.03198657009442755,0.2996911149009812,37.673235341842386
-1.1014583286552981,0.31698495742228483,0.7700173425028509,1.0649097181474103,1.1668971793428453,41.448587794159735
0.46698607315435225,-1.0029580196752608,-0.9991059642791896,-0.2410807674358929,0.8551258325879422,56.357691410646844
-0.4997521262122202,-0.47397267894513173,-0.25300218874758384,-1.3083932393917344,-1.4805002368444975,-217.13182032906622
1.2843389853156146,-0.09486521640249143,0.11524460279304764,-0.20694195465332046,-1.4552807302971915,-24.676559675346258
-1.7441500357507433,0.751414945286428,1.5829702076602743,-1.6696271183741822,-0.48085294694502184,-141.55121700039902
-0.5266953173664218,-0.6261192759249036,-1.1562100504436004,-0.7215783520694764,-0.797942447114087,-163.84890194907922
-1.8387191255551578,-0.2555339855200225,-0.09363116754253144,-0.9719218622576337,0.5711074810159182,-123.47234886727868
-0.9359848290139865,0.28486412104504266,0.19855508717341108,1.8736857387657186,0.9275384505578406,30.772724664116627
-0.7042910783297678,0.5935590479742241,-0.4205679915900474,1.0390832151646074,1.7277592135502253,151.46749825233135
-1.3531908165690225,-1.5620236661601965,0.09425468037236295,0.06927332543888495,-0.5798336681045835,-285.1227112789379
-0.7883953261683939,-0.5204516653262913,-1.093502505243146,0.49222263603467414,0.4891824158188012,-57.09285873282367
2.255929419194486,1.6518731181695385,-1.3309881871272156,-0.06130094570808598,-0.5663539380347762,274.3830232584668
-0.3285162936203058,-1.4143588872639687,0.9210673837797726,1.7373319125761386,-1.1541979304096257,-238.8277404785088
0.9473013927304176,-0.01702552991794133,0.2800298108286098,-1.4258827162615204,0.7480588886427292,157.3034917735558
1.8377901706534034,-0.1938612865865647,1.646670915867378,0.6926850635198977,1.0489132226029114,255.1908364183712
-0.6750262768693112,-0.5785427797160699,1.786192349687987,0.1359824970685418,-0.690297960190984,-162.84349637421738
0.5655179310846447,0.11483935770039938,-0.31529059585419245,-1.3580988040812605,0.5321185590961814,114.79908627806246
-1.2757162585371613,0.47236952714554475,1.1242624592363457,0.1191747209847022,1.5868215024774315,77.71995598227107
0.009291528049000627,-0.7083164188102947,-0.09076137407703733,1.156383339930484,0.27252662104786274,-20.949164984052956
0.02459269164786237,-0.03723915840771345,-2.239866932670447,0.39427221179262034,-0.1275842501981522,-8.556569400807854
-0.30471939484496424,1.6740916132952395,-0.2280191410111019,-1.2051217507049938,2.355414743908821,326.4091500444828
2.872223236038808,-0.14219735593326505,-1.235349335593373,-0.6547918543382774,-0.1213044399236301,239.89026876320173
-1.1315058023112439,-0.921610299708756,-0.6499549593313267,0.13825725911186762,-1.7751091975297528,-331.92724769449393
-0.5748580203304674,-0.6702884254039594,0.40851665874451787,1.2314177991510653,0.883809046923593,-13.09788545802288
0.11043060954120605,0.3055639096849524,-1.0641883983076472,-0.30170536124374786,-0.7101050756776812,-29.363736469788225
1.3897788125250392,-0.5294152533518132,-0.99744466205067,-1.2617646346581368,-0.1683677340264592,73.6882544723687
-0.2093777750779843,-0.6072798123106848,-0.08852482340953208,1.09311581994267,2.238711608156371,157.8259482152827
1.0181193210232187,-1.8818074722513134,-0.1353428854461302,-0.6134345676025136,1.5560866169880403,105.74530764477441
-0.781986285432408,0.75061175225114,0.7214273206626076,0.3772946718877672,-0.3737796934067897,-44.26355590145837
-0.635782545632784,-0.7400899676544427,1.0474834182129518,-1.79750583121745,0.22116499978494844,-85.5706614144254
-0.2833134629291711,1.2716503041522274,0.7627156090249942,0.8169308355492568,0.4491351523607101,117.83620496412333
-2.641530344789344,0.8228519035204909,0.5359876110870875,1.4462348408859529,-1.732426157069601,-336.70904843825616
1.9346540963448184,-0.35340853070349076,0.19740071188895036,0.7655707255053091,1.669934761924701,312.14601213118533
-0.5415874540333656,-1.4212770972895794,0.4253721022859717,-0.8415003651891463,-1.4662401481453955,-286.97060064909874
-1.069459151046563,1.298580056514983,-0.30488346319343346,-0.21956026615582583,0.7001693215069086,70.16157209377066
-0.8611143991451362,0.06271358434223794,0.9828289843096268,0.14130488391140378,-0.4174297414596755,-108.53135910144155
-0.15791641273191018,-0.5675115313591456,-1.2966501098479224,0.9735913140545612,2.1697895921257824,156.9536731235587
0.3739480013545031,-0.19020119138303657,1.1008720657937427,-0.9523624751853184,-0.34536783354628525,-8.309939220867173
-1.6689713925999246,-1.819236514757032,1.6274999193511999,0.14515190823603238,0.03031071986884003,-274.7455107283729
1.3689816672093769,-0.7143962253973347,0.21100707166000932,-0.8808379759365034,-0.8120206900533992,-1.617008031004414
0.43245053968327224,-0.7673194204694962,-0.5692299356077885,0.015839107960457784,0.5357812078510359,38.691838208778805
1.2318251250170191,-0.2673799196910598,0.7805023950892429,-0.1928136072444971,-1.4649871625336202,-42.60048864753066
-0.24774091925546712,-0.19175049091639537,1.146863096396281,-1.5047313253152002,0.7945760403726249,43.72517396268692
-1.3073376504125729,1.4083864354988125,-0.9354897060060058,-1.02869235949829,-0.08200824134343178,-14.120840093373136
-2.0715504151470485,-1.0629870104767523,-1.1748980977502448,-1.2670336607658008,0.03844593674073776,-255.36487673749565
0.5084671752773248,0.915204055061581,-0.5915976477155377,0.9724994388949051,0.12190306244546949,127.70035450642713
-1.9356657706968068,-0.848425611496317,0.639078681813243,-0.6743252778500918,-0.04281066396595326,-235.22939330685432
-0.6356601810466402,0.9615220657612704,-2.0562254067512233,1.8771629865804838,0.37966557410225427,53.356005480662056
-0.16698973599015615,0.7490441407023537,-0.4976284120899794,2.0194034877514864,0.1791489694857062,61.693477285899526
1.4558451157885957,-1.7403671045718911,-1.6783759425873177,-0.08883825349406699,0.6394114234819352,68.59494765544675
0.3487736327370458,-1.021830564944576,-1.2461326598734843,0.4184786906073364,-1.0240977428012987,-137.10633782419464
1.0058696883725466,-0.07538613304917874,-0.5860463035097107,0.3818774415379528,-1.6234370017193798,-65.56232661124034
0.2130920692188435,0.09846678535506448,-0.09620138698571513,2.6869780773963927,-0.8711446441055479,-53.118697095322915
-0.8347504976525506,2.4136636818768453,0.033366432991585156,0.43640743868937903,0.9551459849960351,198.11541879516335
-0.6143898944263622,0.21945016143786053,0.7693699573059839,0.04601130959351624,1.3505154254652292,97.50109494808162
-0.5128829210489102,-1.9464176101010617,0.4991792198519134,1.0452219901047264,1.3158043235922419,-60.21036427196415
-0.5729508040794535,0.20699379059172018,-0.27456184299505126,0.08011357390710341,-0.530223849097191,-81.03864661104323
-0.9815344999170618,-1.1817894136668963,-0.8204730982744587,0.27049970485339997,0.1660275635229489,-153.21210055621654
1.2613346910738688,0.864489493766465,-0.19382795286846324,-0.41782013718130623,-0.25504728884988165,158.5176945958851
1.6876871780111877,-0.8935227914936535,-1.2300306618200558,1.6588440096412755,-1.1099212978133421,-15.567404368893454
-0.12189859964401763,0.8427775045760526,-1.8188423491932697,1.154201741082753,0.46755223952910596,100.96577432483724
-0.7813216492488506,1.108773666499662,0.1485669740445509,-2.217017452190289,-0.3847364488963053,-19.79368792851226
-0.26187695240547254,-1.1438235817910292,1.8550113285915433,-0.22598810770608632,0.5710778240972297,-47.47427913870735
-1.4681225494808399,1.2333598206377445,-0.557970159839555,-1.8056826563414752,-1.0813316061765315,-139.30334669084743
0.4332037813945019,0.1756499597915544,-0.39348186181526346,0.7753638369012027,1.1750335029193713,168.3458519054025
0.40187001171166453,0.5103751236648908,-0.67861722674581,1.4979271429766152,1.3788626060926257,211.1200562365398
-0.8436811312757707,-0.8807686333642812,1.8280790392424682,0.17261647533975424,0.44623018109040913,-91.87421971489435
-1.8276867383672852,0.04903858206458802,-0.33323253158526867,1.284959671368659,1.6460701215786775,2.069228252573253
-0.846961684713375,-1.4998179311227733,-1.9495151948730447,-0.32278906801100754,-2.1126471946870597,-384.005591195495
-1.6851790327337837,1.501949062628727,0.20191481176133394,0.20061033846579235,0.9555138214211323,56.6494321188965
0.24684868349212893,-1.0733705537624938,-0.9577293521289745,-0.43172864292432145,0.9002921523579029,33.03719825718846
-0.5084081506826633,0.4838301097270122,0.9219780158180904,-1.2045664918973025,1.076217563343126,98.70568652990036
-1.2728397074558755,-1.414385301327074,-1.9412273740966302,-0.9597795733952419,-0.21685716549500367,-233.22668668312357
-0.48630881744438714,-1.3890722070637171,0.759208032014373,-1.2543964058626231,0.48150715178780185,-95.36040360116695
0.07177398658694895,-0.08716063776028594,-1.0710529518261376,-0.9179129084258753,-1.5947331525450728,-146.75038515505878
-0.5894934569643957,1.077825354906167,1.5446849576998127,0.7746103030012881,-0.01384149396766834,32.69056968094327
0.7110198525869893,1.5266985680447014,0.5927592622995366,-0.0646790518860542,1.4852613625009201,321.49812485858655
-1.058149772849832,2.0396686843790937,0.4660484559474472,-0.305669769700573,1.1632620689061817,173.61428928430885
0.2527537716144647,-0.8883549923015849,-0.6718379775618994,2.7750155335000968,-0.03820985966751162,-40.11202896700158
0.07124837257106378,1.9430084737287698,-0.21990594835294922,0.26497442657646775,-0.08940635122619343,146.20998234627072
0.71533552201326,0.6015689765367129,0.25956904735637903,2.7139911013299356,0.7627663623992933,185.41087395253405
0.1651087081114003,0.07820894793764013,0.5149932917534318,0.2014195960853635,0.4778383956926981,71.3340830180624
0.3677114046351176,1.258301661561325,-1.0302925918205186,-0.7279659066498396,0.08645745548174325,139.70922617636722
1.5451355904531046,-1.4066726950295312,0.1710985140840093,0.8935914640847848,-0.5311628017500961,-12.566049896101138
-0.7787131801343684,-0.40460513810257837,-2.0386446654323858,0.9910105310092562,-0.7097566734998394,-161.0961473081675
-0.45948643875056905,-1.1756910830219733,-0.0005533256474212955,1.7986443364080198,-0.7558091011596249,-195.63272520679038
2.4713336154318273,-0.011787562404224931,0.7148742662185624,1.1835985172332895,1.3371989705947582,352.85296639962775
0.8165453811895534,0.7376933221685589,-1.956344834863177,0.6801100726545051,-0.5512696197074426,78.18811255516826
-1.2986841348699236,0.1704044253536953,-0.991251168656052,-0.980535533436846,-0.5274678541227061,-149.832777839084
0.45480287325671914,-0.9612058669622955,-0.6853651172631001,0.2682601612652553,2.654304585960482,229.57338128860818
-0.0007525360972849857,1.2571292268484195,1.8761803522687048,0.2057870694473298,-0.9063608593452277,12.009919994418858
-0.8402568136409457,-0.0741874732367608,0.8528218497675569,0.4360022838965499,0.7754297824112858,0.5897134844245775
-0.8588888412545945,-0.25678169379158267,0.468038681339118,-0.17594251024851323,0.2382258801775301,-67.91097045901898
0.8248182952009422,-1.2272406254750827,1.1841544227249874,0.40754457034351377,-1.224174830859147,-127.40389960217422
0.9444181646993984,-0.6596111970303794,0.05602229279009326,0.47502528041953085,-1.0608896196202173,-60.51404711155352
-0.8640856246185653,-0.14244966674077403,0.6347890451415875,0.8629404793019986,-0.6353126970311216,-142.1967950942741
-0.12795034422397397,-2.8935866840088367,0.07447902390793908,-1.3300965901622586,0.123025034936256,-206.3365149561808
-0.8078692904161502,-0.5077433475322165,0.6249759363276474,-1.1053580264286702,0.02227221266862648,-101.10509864617106
-1.6595283922626003,1.1919380791609213,1.3153421779394763,2.1164941025429056,1.6753398702273852,103.22181387419744
1.2353990373532229,1.2197887664052591,-0.9574757324792177,1.6935214554091018,0.9278307577970757,296.10873676044565
0.26184643233493077,-0.37618963907421527,0.03711789328805009,-2.0600670616744945,-1.35933604473168,-128.48177625370656
0.31229144608347337,1.0216815648521587,1.355762744069548,-0.6807466004205254,-0.9294850840110148,22.83620358396623
-0.8620159734220045,0.4087361080401523,0.07704619618044482,0.6246688923382123,0.5894748993636033,13.6190695725194
0.7700437591877562,-1.0307640124784716,1.347987102836189,-1.1101262345362934,-0.10186211790421719,-9.876480709479758
-0.3370030355453599,0.84776563062977,-3.3431907800130007,2.823706623121668,0.6269937926152184,97.78968882973383
-1.2015366775165877,-0.4244729667609548,0.9480878880966727,-1.2319019569967404,0.1886119580423831,-113.67896457714093
-0.9050688506832796,1.4030148213457228,-0.2595822953052189,0.6894920189521375,0.07227875299586267,34.73773413694483
-1.1157817444544866,1.2343989690408605,0.3781125783819406,0.5400718991038372,-0.9746296812410262,-96.37536094416912
-1.2773531022557878,-1.0759128614924987,0.5742916287125142,0.6299838062976323,-0.057451085721585166,-197.99010468599977
-1.3892137391546378,0.7536171921994091,1.2065349064129354,-0.7242053201982516,0.5582926762719438,-9.848262011897905
-1.6010379477669645,-1.021804720682237,-0.17196116721782484,0.4188690698434556,0.44505454365815067,-171.89020050959465
-0.9220664439978756,0.897562479187752,1.3293922871616384,1.2203994932750843,0.20326527825485285,7.541624472957392
1.4223559290547914,-0.3241163496221022,0.013416701055043521,0.19202794706456497,0.013664777908910537,109.70500069684246
0.5998828767308491,-0.047874186118161695,-2.5111746768512133,0.20368655818514125,1.3375487451845423,183.10770856448707
0.0450298118019119,0.5485747197287587,-1.290556990639567,-0.058305297493516935,-0.7039644522284942,-18.390624173325527
0.17853379693220467,-0.025508569810559847,0.3776262355073144,1.1446014374584628,-0.7722243164213592,-52.5261258383768
-0.8012953659496639,0.37707928440454475,-2.1333737562134094,0.674731464767793,-0.7331669240005615,-110.24158349739857
0.7905732385974533,1.9028296638679767,-0.5890394181192514,0.14453473893079288,-2.3105846798290814,-3.307637398878302
-1.9278840956828753,0.807854978842521,0.4659962155459987,-1.8499224030858277,0.5772528236588798,-52.9028238366979
-1.652424766291197,-0.17900670898788926,-0.28464707561342184,0.1325453366514882,0.3927872509396572,-119.45965329946712
1.4121365935689136,0.7504034674050264,-0.4831603750404202,1.44138579664877,0.5739024824487545,240.84046006624249
1.7931201885502905,0.31683506378870296,-1.2533936781000228,0.3916241470466696,-0.3997038473352284,152.7424508055996
-0.322161249153965,-0.4497317902904843,1.1111627325307285,1.7637825911913154,-1.8807056738669945,-238.52827050742118
-0.008201121530701053,-0.0801292358450265,-0.5457067130871286,0.6423515783351446,-1.7171929088073603,-163.36146798373872
1.019364326373823,0.7491373289605275,-0.5889965347420707,0.2136243086969296,-1.6141047165194968,-2.619192131188941
0.15076427837173864,0.491006070230785,-0.6893303133982299,0.11614338425972645,-1.571336055571605,-95.01514892364753
0.6247426010925418,-0.7820963198922382,0.8641234962459945,-0.9204224723866234,0.026543834819528878,6.9223250669901075
-2.2220066073293983,0.0011268582689397434,-0.5586666385150174,0.03830952302388903,1.5676839802392315,-44.442260966456644
0.08342404375567249,-0.8475862375549444,-0.6115282516946724,-0.677103383466763,1.0125879470492924,48.33254429461683
-0.662045293161799,2.0468272653169786,-0.16657183894439306,0.34650424163516724,-0.09573449776577721,87.47120207406466
0.06023964485229078,0.2201182867562017,0.5216823295468999,-0.6025654399135169,0.3544859305026187,58.838019456583424
0.9491625354681895,0.17855934561285633,0.10740397204965234,-0.6342824019253054,-0.054163071599365425,98.09949768284437
-0.592653921769827,0.7984617763983483,1.5397080846097053,1.0245720931668039,-0.10300757247589996,1.095507368133978
-0.5139190698834095,2.229800618669472,1.1503497018005244,-0.4626930373743798,-1.395977170138257,-8.961659950856877
-0.24556416616565632,0.3601973456194051,3.389770372515395,-1.73470948298799,0.7191391743018157,78.40723657121826
0.6601677657850181,0.9356160204253311,1.5556102323099283,-0.37750104300279386,-0.28638571260915735,104.26413829864248
1.8473477567861578,0.5888493081883813,1.2467871520859015,-0.4622382895874916,0.5550418364287283,266.90907223275644
-1.7706822776653839,-1.3930662827124207,0.9480995858264581,0.046804385659602224,-0.11273309717574881,-267.05953319683965
0.5646533547749187,0.8385852906196263,0.6431367741787324,0.31574296761932436,2.426508680920067,349.68127350013935
0.254600765344273,1.1918312161703775,0.6560582522155383,0.008433459883730288,-0.17921112335535463,95.61629362299466
-0.8381398333857204,0.6359561171318326,1.6617621083785739,0.8736706285000009,-0.30500864790471194,-52.826219610906115
-0.25542074603931814,0.7157083787660532,0.3491748209542228,1.19880975182765,-0.8800417854497978,-48.815744338154694
-0.2369941739304062,-1.9247851193478518,-1.731437076912681,1.233598765400776,-0.5565740557633521,-211.5825091303361
1.348587517026963,-0.8848511471427177,-1.1843873800067846,1.631651567189036,-1.196544965952901,-54.06563088251448
-3.4072795383456014,-0.6073737671524413,1.188771969814815,1.3854975137254335,-0.9440872273111008,-435.26625435228897
-0.9566686918571791,-1.4815178408380292,0.611276946942232,0.10946505216431988,1.123338639751807,-81.2483971037546
0.31506071955702586,1.755605127578765,0.09181475224024695,1.419727918426975,0.7228007096815671,230.66542486719072
-0.5188315041285747,0.23141941282496462,0.5145367990163735,0.008300458899982465,1.253074071484496,96.54369879469304
-0.21310210383114747,0.7037358350604141,1.0024269549106928,-1.7045748627315263,-0.9446555359090687,-53.79993220331833
1.0977862745068352,-0.5642212536763652,-0.38323093676481407,0.11246779268298428,0.35002700930578867,94.93184915404618
-0.7660215025102166,-1.3236774946864966,0.014437497018347607,0.9490831870482669,0.016061121921866997,-161.61415919889086
-1.9818849371154963,-0.1749810756420647,-0.9439841548886093,0.49579452524381096,0.37148425764715504,-151.5777441195859
-0.7325572342649287,-1.3035024370246366,0.9464338099042592,0.5415379065255028,0.9005970326913957,-71.3858105555399
0.9907155877258239,0.19820343236535157,1.2707147375561392,-0.3856478868209354,-0.17816403661929103,91.75416812025631
0.5766527393696229,0.3272362937819493,-1.2515085309587588,-0.5758977474354287,-1.286313695496594,-42.95091153945396
-1.2031099759484776,0.44386778352997247,0.06732519735258623,-0.011228162968644867,1.1330544629018826,39.413868257275894
0.7033539071856512,0.21032222339241904,1.45401934815325,1.9056080936075397,-0.33606429647642405,49.89501976687459
0.7667888496451125,0.2843655960501464,0.6918152815853891,0.9682456057776915,0.9562746724161965,185.24402839129726
-0.8292313476174114,-0.3269489800681336,-0.08216642205192218,-0.1352151507239337,-1.935936139876481,-278.8298060882603
-0.1985265091972399,0.3151321364065811,0.5162683582932249,0.4966023799280587,0.15427158926453688,25.397585168974835
0.2644230801002535,1.886961564463364,0.19732250135715748,1.3462845431329176,-0.05953017456542088,163.19413448141106
0.2289854973914935,0.33457216370779197,-1.2691745790535207,-0.7260659992978334,-1.1653637837091162,-60.83850477754405
-0.5258597853609875,-0.1881983338017857,-1.7765456703649376,0.2575668513129911,-1.3156694117568866,-182.46489536735248
0.11103028484739863,-0.8958982673082645,1.186547952616768,0.287589953442112,-0.3259121977208538,-84.61966733860332
0.20907693508842504,-0.2795488455388997,-0.6752617395052073,-0.43948245953081777,1.7019625458411909,165.28115598330774
-2.396265092206622,-1.519936049499189,-0.4583200752484445,0.10747266017855578,-1.5580198479586183,-471.80016428824973
-1.6636804516719015,-2.315520356110405,-1.9368185471124024,-0.6209026862173678,1.430922919996355,-176.50475564742396
-1.3098254025558256,0.04617327309769615,-1.8634341325013706,-0.6427404650862953,-0.6478922743644834,-172.22948863565733
0.7880506747468339,0.5251394188187921,-0.840472680992784,-1.2043833305365517,-1.746734893847024,-53.071515309387
0.8700351903169538,0.7239943129710386,1.2883306183872907,0.27747110906156663,0.5283188361312244,187.44584260706057
0.630719890163223,-0.940952666794256,1.5717844884439012,0.2822170189911373,0.8730355442186791,77.12472626516994
0.13002974896861608,0.17575284630492208,1.1870071352585216,-1.2127595607202053,-0.3869942721487655,-7.486555753022034
-1.4546771958440339,-1.080620537757279,0.6515930308390383,-0.45718163071381757,-0.43563587272109255,-247.55330043007427
0.6848966867552834,-1.1397861836986505,-1.2645182939763357,-0.26651598436934587,0.19966052263159306,-0.33585327682710586
0.6220654322176794,0.46291031676074385,0.10836726139664936,0.6626586219500448,1.2373658482764447,215.10914170236617
-2.131937704616722,-1.8817879000818214,-0.35871588099729257,0.13056509259294952,-0.2923300840822225,-353.7960139030497
-1.126825217425404,1.4019260329152448,0.26885658713067323,0.5672895090273428,0.44458405822625907,49.06407049585581
0.7984032751340318,0.45027819562144267,-0.6870609204859148,-0.25508316159772343,0.8919353451677816,195.25212487502503
-1.16325742673505,-0.010517903947614964,-0.1825575737943032,-1.2944336826620997,0.24834761547587864,-76.56687480812342
0.011247741692442723,0.9132832271039081,1.6946638949754296,-0.03980379633351547,-0.5233227822487396,23.981161315676403
2.2153057130651717,1.593538953544395,0.4196744291182143,1.19824267817501,0.041460213508035006,325.60433734160426
-0.25788632049114146,-0.8359262049252962,2.4085685470624294,-1.0286944609603987,0.4939645855411875,-31.793196253694287
0.383465003658318,1.2809531260730789,0.6950804449455071,-0.43742398982776504,1.1226058952707663,240.1257178678567
-0.48474616737013904,0.07237260289704506,-0.8149346990204994,0.28828038763439323,-0.67448868705865,-97.89793150942788
0.2700746155959514,0.38959043614015104,-0.39874639466975353,-1.4115299743503575,-0.5156585217904477,8.550928229597222
-0.4080019744136585,-0.22446393640172296,0.7638284356074234,-0.18611635667322865,0.50469902209,1.5230356286906555
-0.43913369971003335,0.6636813954366433,0.10038401829692382,0.4879185197846299,0.5208372779104191,65.37859585276209
1.5998382751186557,0.3584852298188698,-0.4361838281933885,-0.13219180292290192,-0.6065223805034242,115.61167036559088
-1.3932353966623583,0.8730533730805073,0.5883771367896737,-0.12975365644359232,-0.23225500030061882,-77.05282460942648
2.2279893314483807,-0.8141276597029355,-0.42398062356796523,0.10842324677309434,0.4727523382535005,191.82147935037503
-1.3849561293007562,-0.5161402241265192,-0.017303357986607724,-0.005209550840594998,0.11419773021239979,-147.03678407248174
-0.7917462490393026,0.05673378676033472,0.8886784283594882,1.519291539148802,-1.4390586897871167,-200.82115009405197
-0.5780939970532998,-0.18368823602917714,-0.9007863550160384,-1.1025597932151863,0.5463316862591213,-5.769261121826448
2.0537070134107993,0.5725747536697192,0.10379092171882648,-0.9956890475150012,2.0554707280747015,427.65006812906717
-1.173054486288184,0.05805649024210907,2.7017802464040814,-1.2376312416189086,-0.5598570173851134,-150.5979075577422
-2.287295244224833,0.9553175330584301,0.5222516983168404,-0.48575694677017817,-0.5001906250449121,-177.5629217886368
0.7592672464320694,1.584825673066411,0.7078974782186737,1.417856870981731,1.020855552623053,287.96432372813433
2.252824879300209,-1.0922996391447284,1.47643166023996,1.0034626829412612,1.0250814252555567,225.49895994305126
0.5479969379382355,1.243961330982715,-0.011164502966993893,0.46296042085116257,-0.6588633470689815,83.40933995626544
-0.24242305083381108,-1.0219511956298217,-0.27429035782776245,-1.3228050804294527,-0.7578787179922312,-164.6654589520387
-0.6037094144973522,-0.7744773644163343,1.294569195722699,0.20594218708268225,0.42955040098917535,-63.752889964267915
0.2079514174861928,-0.18615137116908434,0.054522033840904635,2.0463514941490137,0.49966681971744903,57.9145470434915
0.21961330345661942,1.8641300694320948,0.8760337154133251,0.7306558005537437,0.5192161061827022,212.77260203489462
-0.1756757000233755,0.036429982676372985,-0.032062356706050656,0.557272041928522,0.9594223319681828,82.66808879049442
-0.42199652650968555,2.0084915541620743,-0.9825595926094263,-1.1565510375443684,1.1984589390678082,229.8490856810998
-0.5291971666180623,-0.25584191921174376,-0.005376473031102661,-1.894639755782867,-0.07189591964303378,-68.01855932655728
-0.19291649572527048,-0.999653148037744,0.37373757956837006,0.4800398836644886,-0.2662704487004852,-111.13486395844639
-0.20222560218796679,1.1635870519803537,1.2810028525817472,1.477397424914142,1.6443483338338754,231.04078626289228
0.6282229486209968,-1.4149040900522663,-0.3226552125799887,-0.8862439677004742,1.3725432445488859,89.57332354425506
0.47872574619707264,1.3173310060029868,-0.26071071892078507,0.6191088309510212,-1.5826039747269391,-7.36921298161053
-0.31847866760689186,-0.7239851023758834,0.7219603694951104,1.337139336443836,1.3821005809783702,55.127150071958916
-0.1363186563326643,-1.6104753347020917,-0.6282926124740968,1.1031817859450639,-0.8693158507101287,-210.24377993397985
2.4339191626652354,0.7054568667657086,0.9048932596622697,0.2252862802940244,-0.6826997842281841,210.67865390100678
0.24435844368555007,0.29019080624333154,-0.12060746199104208,-0.6699998515270335,1.9457713788764297,233.7827812629274
0.06606014788258083,-0.2338640810875351,0.7102318261782223,0.029388459280014368,0.5684456567670982,48.833671266915466
0.14563765839031126,-1.4250671263369363,1.4211161268748749,0.8712545006216843,0.931896386018231,1.522205993529834
0.266538184045529,0.4625749392906122,-2.0524480889428367,-0.6655102867001967,0.5274871177427437,111.6905054509486
1.186222952265777,0.5461913880844279,-0.4440698475940052,1.1997559914710716,0.3094675249768302,181.5817687447829
-0.4102977205415962,-2.0052408774207153,0.289370220586659,-1.0776766660166617,-2.106819896882454,-382.06785976480217
-0.7149564362503158,-1.8839741188695789,-1.2183296193468132,0.31299573123328095,1.9703243525014515,-9.108614748961683
0.7607040210665853,-1.7672920110569443,-0.030937926174908325,0.04666775653970368,0.06725832683876247,-50.85719034379891
-1.1958548485783813,-0.06248761348835229,0.6474435273620334,0.770802781245483,-0.6424010883195113,-167.7698093369128
0.43894361131861825,-0.452487891542289,-0.8712622495245229,0.19867077504855957,1.30073188311069,135.97361519352103
-0.7814661587608729,0.20802338406555312,0.7668363505489577,0.9688853867903652,0.8659991735135238,31.20016622488551
0.5356892161387727,0.4086734204232602,0.5853733854697288,-0.024443208894698785,-2.4740703633737593,-152.92346749806734
-0.4998831922326071,-1.4000999200294193,1.4356409955676794,-0.09004300583673579,0.9284416083337514,-54.64562928515643
-0.8061499084932688,-0.7098279433749862,-0.8589058867076463,-1.185020035772343,-0.39321199906774446,-155.635145446698
-1.727781889489237,0.22806943000878882,-0.4095565889930862,-1.3366752195990281,-0.663314153027963,-195.52526941935218
1.715101807501567,-0.48199431398788256,-0.987451950583756,0.44074368100914024,0.48801636274135773,170.46625934484686
1.5384564880864275,0.4002891769226937,1.45893090808848,-0.6720335727029207,-0.6765688046026003,109.3768580089504
-2.215281134792224,-0.31357252053831386,-0.6964695356368936,1.0518495131765717,0.4715052568853614,-170.45155687468244
0.5775228405321138,-1.512649944568657,-0.9198743914209373,-1.9491375688193397,-1.2857629698425472,-177.76716957048617
-0.5346306096420501,-0.645255802508656,0.3028134508568645,0.19094228429934193,0.12113987664561189,-79.93447299627088
-1.2800924830341767,0.2911934044574002,-0.7671718446476811,0.6434453589088632,-0.23600270081573704,-109.54054813583761
-0.04077945746150578,0.12116631851787542,1.0076784093711313,0.992361324110263,0.06477990419673244,15.447519343998104
0.4155926487426435,0.2886973432367321,0.6062804099439942,0.27900957673033194,1.1570762817567928,170.50544493157912
-1.0037832335670829,0.5771506046569314,1.8261501117404686,1.2765899496062663,0.1550157804831459,-27.825703712481662
-1.2558052595097224,-0.6646427259947768,-0.22913547495345962,0.16673745925896247,0.08483657739103966,-149.4724500474667
0.17239869104174335,-1.683375279254573,0.562134364330009,0.2602840781839664,0.14077698703943847,-91.18793312654527
0.48074390044920684,2.5208835724061354,0.06476310639207686,-0.1661264929718274,-1.5041687886862558,90.0490653983949
0.11162667996416858,-1.199360990226569,-1.6458799481837212,-1.301447777294807,0.25025318464564605,-51.125035932676816
-0.9950764817463019,0.12101104548033588,0.7306569628510655,-0.8812724173641187,1.7260715341853683,89.26268409448028
-0.008132956755352309,-0.6038476574313213,0.6792688804534183,1.5995753968141253,0.16888202425809445,-25.672181390004944
-0.47013411291516877,-0.0445985019776786,0.5780561583081792,1.9629494845220739,1.9098967137562286,141.88809714297275
0.5539715513478443,-0.6377690771189279,-0.596196932856323,0.08572885389892117,-0.2250081786901763,-13.603792442592026
0.6138824471824238,0.6494052980902782,0.048318315014845674,-0.31806811266122015,1.1832682927432097,219.70655960578046
-1.5253029105040077,-0.007821542304591911,0.6129119074385353,-0.0352004356882658,1.9609691905378095,57.24141438695229
-0.8961384651125844,-0.6518991534651247,0.020940061565859265,-2.2771227617554213,-0.26410570179490567,-148.05119524884847
0.07902888176429082,-0.05681467454719745,-1.1387725098240038,-1.2355544169222854,-0.4870069823045771,-39.97961930495622
-0.8282415167334745,-1.1921000652737235,2.531372773681796,-0.1951368650226374,-0.19609735694015404,-175.7245265974068
0.790965427787238,-1.6593577519064902,0.7943526057911169,0.015155985504845643,-0.0924796582353211,-53.822669225861254
-0.3285236367692886,-0.05112381069079322,0.3149778927871122,0.6940170496169858,-1.123065015038626,-135.53060816021818
-2.1723845352134363,1.4542252293939928,-2.265860387988797,-0.03289796608746368,0.24614056385604294,-58.02679930286346
1.5700117961348872,-0.45026823751697936,0.14417799701786643,-0.4677298462163283,0.06465088797158682,118.70523119501603
-0.9008451407023843,1.1367818713616293,-0.11121478798348489,0.8727857001455291,-0.0015018896558515243,7.551547525415379
0.8799513060264595,0.29646879888369604,1.0242477745711744,-0.4411893822797242,0.6060087888798359,164.25750128325132
0.18637937040099367,1.2355295349127797,0.48816931010162545,0.5442707525324577,-1.3421479621379937,-13.585799184363857
-2.37304592444546,0.6542399221514263,-0.8798307815794817,1.9325083060094985,1.3178697003614266,-34.0489218594419
0.13220343965159453,1.1639773561744473,1.1836713086613428,0.008001714142951482,0.08412982208352728,111.11250713843023
0.025151120099904254,-1.0239324597702193,-0.007986333661762251,-1.2127771212750404,0.06969139137457121,-60.36095269967241
-1.8573465829409688,0.39627840408228754,-0.32793767259116346,0.06059546060575466,0.05255439682359723,-127.51382256425116
1.3434318917008248,-0.12702860839027166,-0.19023791156576284,-1.243884939338219,-0.16997085923499233,102.65507793732485
-1.1151938149052973,-0.286758021783006,0.08938301324047095,0.18710825884896698,-0.1678728812508696,-134.6293057595986
0.9232662203533757,1.1011670527347515,2.70339789417888,0.008417175540977114,-1.2798064674646823,45.000796261239564
1.1421688204042573,-0.0239661906539233,-0.7075471630860314,1.7168523622900218,0.5739696119901521,159.9128279496927
1.8214747265403686,0.2792596919395527,0.21017108758023084,1.3203319904142135,0.14085862173515065,204.03228910602274
0.23687315033722153,-1.4307663840034477,0.9968612908209785,-0.4333542340065166,-1.1878830588276308,-194.28438848114217
0.511909007716717,1.1631935080630886,-2.0710402863932234,-0.5554062731767331,0.2548388969903764,163.0191228768542
-0.6373360824764609,-0.4625828385045648,0.4586801973789137,0.9500575014321153,0.8926033397290019,-1.4700853964925893
-2.917790435925492,-0.9334165056542906,-0.38990755284367856,-0.27622920218062325,-1.3403764603497017,-453.9896017291651
-0.9274928010770911,0.5518842746623694,1.0589707512267776,-3.158541110229148,-1.3127747594427621,-163.82956091897444
0.5247556549729799,-0.38618710178286414,-0.0888197294622656,0.7214892775049893,-0.7299949329306394,-47.83588676698904
2.452274600623827,0.6933976377164294,-1.380587068361787,0.6426551752651186,1.4331373734765074,411.9537937544574
-0.025872520446974905,1.4379442910074274,1.1636547463106282,0.5099178148660718,1.5057694864673612,253.03962857559043
0.18593822255520182,0.21689906654760865,-1.0368380581086563,-0.1268068741343404,0.3683819121324204,75.04966816067638
-0.6895747404582727,0.02490308248084551,-1.088425933054661,-0.026517616225749423,-0.11943884875258905,-66.315805777561
-1.192593315926203,0.7046602732121039,-0.11135656223343166,-0.19382265672190846,-0.13105119662754514,-62.439509607397014
1.2267103661943124,-0.42483999508416703,0.2170232030438359,1.0734488815716619,1.2303435998348908,200.81719655759983
-1.1313107266151745,0.7655542988935652,-0.7333601065416919,-1.0263424364711138,-1.3737321008132808,-169.80180105089158
0.9148951368697541,1.6280486460529593,0.3394445727305912,0.5570385305400448,-0.9584049068468026,117.1915087098577
0.27289215651599186,0.7424879202946881,-0.21075109514113025,2.5519042776171257,-1.7578855387645567,-82.91442874472142
-0.865615832120477,-1.6956983807816637,-0.4058626314159528,-1.9448170830444544,0.8956200019585927,-111.9523625524444
1.1520324576256893,-0.4378766994536237,0.5272006505490636,-0.3727559973892001,0.07859531415831454,82.64118153225508
1.4512026994099338,-1.027848862173277,0.4021229915807888,0.20374944266993386,-1.12884269089898,-48.96642390516204
-1.6735947308361296,2.6445751044190455,2.3324112053252866,-0.3485179061794155,-1.8077741034281458,-124.85237106406176
-0.5981733234150002,-1.676796503551958,0.625292761844133,0.33703421741308237,-0.877981508857738,-254.87528968695216
0.5103450076224701,-1.6510910113911512,-0.6999837733732548,-1.652825629908805,1.2979199579534948,52.406637318523025
-3.311048869159305,-1.4501345488890938,0.38373847902403085,1.1231990588439684,1.042346669296876,-298.39367785878113
-0.6528696087281016,0.8183869819612913,-1.243918023324386,1.2707066097952833,-0.23959428933994908,-16.24051014709059
1.105608860165518,-0.2980651063783589,-2.005022154679648,0.01096529252543053,0.02039399059254004,83.11349381033008
-0.5384826633541158,-0.6739765502362747,-0.6728818255726227,0.11829612992611119,0.9612027108576261,-0.31519569134621617
-1.718339888842989,2.0965243274590253,-0.31048878912773176,-0.271527588288619,-0.5560899828110706,-49.10480356336212
0.47905129354909937,-0.35462055801684034,-0.4966960078851654,1.827291557265813,-0.4754291669794919,-23.673917728364355
2.0230619822144704,1.8327993375749814,-1.0476226096338974,-1.9730784030901498,-0.4285272844243367,279.55281742418697
1.0332240269247344,1.5584843282737202,-1.694888586774248,-1.8327561419996745,1.4074259900650548,344.1275434813299
0.59881715032077,2.7239607319004437,0.2727771619639148,-0.21477165483151425,-0.19576507064274248,241.92408699611332
2.4403046528265793,-0.6661945751520002,0.6175065732618026,-0.2833346976924361,0.46174208706159525,220.4540678617078
-1.3612114727203395,0.40115303096664184,2.749964483645486,0.3801420156643362,-1.1442031929307621,-198.508518057785
-0.1098104549263918,-1.1677257933179848,0.7095254415717834,-1.0973947270194555,0.4962902243695596,-41.7948018710388
0.4555072668547812,-0.39932797975920703,0.09893027161179231,0.03713492191082929,0.3252456949158688,48.997985838251296
1.685585775727669,0.04270485343651957,0.8984039087232266,0.33387838386971397,0.45706102668821935,204.14821507092466
0.6391575519885142,-0.48922365099638354,-1.4431758723261627,0.21950063646225518,-0.5771457758989463,-29.119739920561123
0.08151827690950256,-0.14590001898621283,0.05716078962481513,2.8405084931664213,0.8455697451287785,81.88215476903497
-0.3425179884990185,1.730194485055834,-0.22238285699819427,0.3561053600134761,0.8950091884216571,184.85706462155716
1.472835238950021,-0.04932034737628125,-1.8381347331948663,-2.0136612218675065,0.002085552937442458,134.5837198787572
-0.47093804698325453,2.2456896058321805,-1.0216231095265036,0.07468254860882045,-1.863166344248651,-51.456134705876934
-0.6301399168543886,-0.8455060722447753,-0.9854469034204136,-1.6857329821783917,-0.9560661457635319,-205.09409698207517
1.5331845469404652,-0.000996885022569604,-0.04595347182000515,-1.2478625365285059,-0.9811881528545667,48.49731037648317
-0.8103942630488183,0.9663453317224042,0.8976396284653734,0.8298739304223794,-1.9494685405536767,-182.28780217809452
-0.8544506739691017,-0.3791550236863216,0.48482921553353264,1.0292902458981765,1.0822622564875028,4.9042128565547
3.475706746304151,0.22796994926419195,0.19187414470638686,0.7311823249379332,-0.6756809930651232,270.5964379973563
-1.020411663833353,-0.08749435918782715,-0.11688448519847085,-0.03740870478334686,0.8703699433137783,-9.906866321454345
-0.918992954866654,0.9622719253727826,-1.1141001585876302,0.8894560888312584,-1.6102969167833578,-161.39513505909713
0.8112050553784907,0.256884945415414,-1.3189852150651467,-1.0401101474308099,-1.27991416655667,-27.528022074473395
0.05787629403182837,-0.00622969449183254,-0.3935293838731201,-2.4064876587640733,-0.4627683460637896,-34.71627753993894
-1.5598161453699142,0.8552615542947201,-0.922226136768402,1.3288203716546096,0.6471787469196261,-8.329965206300871
0.3455753655800025,-0.1406548034035567,1.4718320303418213,0.004765501505827234,0.06567749744256036,31.38614243832709
0.4032955750565095,0.4254315702469182,-0.5755343254870103,0.14379899502847612,-0.17407333466969802,58.680616302465424
-0.7588364466638724,-1.6109506642902085,0.09345931930664529,1.5798146725922426,-1.1424591484088849,-292.5586136811239
0.8322414347892068,-0.01628245878705667,-1.456328146956247,1.7580134948349344,0.3903911251130588,114.83019881209607
0.19506721599884472,0.20689606000745098,-1.4824536226930223,-0.03951875254385101,-0.27395657035213783,11.156739816522983
-0.17553335877873302,-0.14320054970424984,0.16616727944600426,0.6024973485246686,0.3970748139345572,17.001169383806488
0.43689850560215765,1.9611694598317166,0.08473651997694286,1.41735719270971,1.4082099696808914,324.9961762136694
1.1432111381301415,0.6871836886392472,2.0823802502712954,0.17243799460913437,-1.7664433642059685,-11.290364510151733
1.9419483678333593,-1.754808078590305,-1.480078854516254,0.8065025053999301,-0.20091838861289385,29.14860699371946
-1.2207163495693274,-0.4657360278834176,0.08734536834885374,0.04226987989506079,-0.7677969684750018,-212.3610554299242
0.029058386258369,-0.09849571832357358,0.6956753512015225,-0.7797683031698016,0.16443024844348766,16.756138106032463
0.8189551297920733,1.4323728283943469,-0.34535525719591154,-0.13811222029054576,-0.20985621998815013,162.91831455911196
-1.0045597061093101,1.5035560117933473,-0.1593941460821241,0.8834558209904501,-0.1441709925285776,11.343526858060809
0.6315419489779723,-0.35083595302286097,-0.1381194807570393,-1.8624024471006633,0.5200158519562048,85.61952672008115
-1.6055501248167945,0.00822375630730556,-0.23702851269533773,-1.275855479170684,0.4200325948989697,-98.88441538251641
-1.3459541814828673,-0.14949932940120716,-0.9097365910615893,-1.4497383281801872,0.35825679658517934,-93.39053734238674
-0.4797737285196422,-0.07886895245018422,-1.177002843426408,-0.08750441738302263,-1.2616023807339027,-162.94021022319146
0.5133781165912942,-0.07079723896596637,-1.724331206645867,0.6858480492723326,0.8419897638947031,123.54120708585071
-0.28169234542820554,1.9845165685583959,-0.8722328423243627,0.7759288291275188,-0.8241765993303813,47.89266556133761
-1.4963889134211357,-1.5927264968465893,-0.21203796229796185,1.5655422155856633,-0.7042083569285807,-314.68040270259627
-1.1822621943614167,0.9488523394670991,1.2612107538123123,-1.0933449050554107,1.2194090754182925,84.74354972544981
1.1679510589522641,-1.1933126959646134,-0.8511482838665331,0.2130333790763967,-1.485801783237965,-121.1790714924033
1.2114391540879959,-1.1997333081119537,-0.6603224195143317,0.02402106520303326,-0.7012652497445585,-40.55167003173031
1.580581716690839,0.7716461589741008,-0.7595896964619945,0.3463107597030363,-0.24608331263278926,181.1890573116229
-0.8000985440546003,-0.5750360814440463,0.6078078527906792,-0.4265924430566663,-1.124067000822558,-214.9368058404959
2.609763931666745,1.1986061613421226,-0.19191818136831018,-0.2751316489866251,0.8977377723707161,412.76803072963503
-0.2934860566743863,-1.0011186897087174,-0.3196293295644735,-1.119072354905851,-0.9064192058845647,-183.69254315908623
1.088822767372122,0.147242649358172,1.2230134640138741,0.2507870370621604,0.6690845197736411,176.02847450817168
0.3630722730930642,0.9034624939280376,-1.4341876920862566,-1.2400390343727112,1.4131766231859173,240.635015358159
-0.5115772312320201,0.5381380733777643,-0.2399703729953757,0.09586269993539394,0.6868585906376709,64.43548969978137
1.1078868669447708,1.689776473709014,-1.561604509701315,0.38099286982873265,0.44999714638175203,271.60486330020564
0.3817958939746081,0.5109198011606383,-0.3645908810577887,0.06489288282670881,1.4706004322897663,216.9280765657505
0.16283406465246864,-0.4979965242576959,0.33185942821465875,-0.6501441130360256,1.1765669014596625,96.24411991640096
-0.13844387311961262,-1.3208143343860381,-0.7750162391513759,1.741179950689527,-1.416994426152428,-240.82768163005696
-0.40913702947521463,3.338238566938556,-0.9714473668904711,-1.016182493411001,-0.6317825478510863,152.50934174140292
-0.8035679843704443,-1.4723822953541437,0.5144818568875306,-0.07681813975201872,0.11829552909491624,-165.9291744372544
-1.085074176605659,-0.9945918144942255,0.6449787933099403,1.5329138578676509,-1.1323085002791773,-275.7606266939689
0.7472212951464123,-2.002935440311702,0.07691366781581081,-1.329035558108409,-0.6994881319969721,-145.08443873095214
-0.1118262645926982,2.147642468718308,-0.007995858276295372,1.7639011572890142,-1.6842652065020514,-7.835688218272107
-0.31453399826848255,-2.2528667773297752,0.18873756339244596,0.44706968646763207,0.1789447038043478,-171.53430934517627
2.032137478077187,1.0229764882618464,-0.6908244482380463,0.5534475697575352,0.6365603593806319,323.58434897755825
-1.0350176167907466,0.8138605162742977,0.12177722654405014,1.302080075444482,1.6213183868951173,128.12458300241622
-2.2616161389879803,1.2365210645493996,-0.019886511647101555,-0.8555623893640248,0.8109212832314132,-27.277502842243706
0.27354976004808984,0.532149134267051,-0.7268193388130731,0.7997625505507914,0.4163672920857616,108.16303221639575
1.2469643378588653,0.6676628523757581,-1.441452631255729,-0.5175190527427087,0.523345222395226,215.32857938530896
-0.05681098227574631,-0.36569060461808645,-0.5472272790595725,-0.98018404700885,-1.7300399678040008,-191.98511626788948
1.658198421285415,1.1759034282579517,-0.15099227495832843,-0.10965999735578578,-0.008791519318322281,239.9305652071727
1.9821456506495096,-0.22270526675875718,0.989497027118869,0.16464526639581806,-0.37378441110856897,130.54470229161143
-0.2665973405375507,0.13161847739072538,-2.1073076664188597,-0.3723190478079445,-2.32865621832115,-230.87433973156735
1.5126969503695433,-1.136231485372959,1.907605580905608,0.6684344531265581,-1.3997069541513634,-76.01910875898372
-0.27108674486823864,1.7552120337627994,0.6262971496033063,-1.1988503570778006,-0.36034446011691046,75.42559596239965
0.20300847265010025,-0.6936925891943577,-1.4385984852837763,0.853856188387508,-0.17963834306894716,-43.80741299113241
-0.2025810790895907,1.762085509361758,1.3208646579573482,-0.3144846150189276,-0.2926412177008372,88.60844159311803
0.874431672439892,-0.18806048456761756,0.3844373216609129,0.017384212641051992,2.092461335769298,271.3040989506177
-2.5368240858655784,-1.0507895765383393,1.2230814617887862,0.9866016802684325,-0.36258174550322453,-333.08727868242124
-0.1865141300260248,-0.08871748229785609,-2.654304080066927,-0.12649870221519113,-0.18497828868755606,-34.64891776489026
0.21527655084685915,-0.652631295022472,-0.09261780387546234,1.0552918851893465,-2.3038818300952864,-243.84538264488918
-0.7163287263850991,1.44495031371298,0.9902082844490366,-0.3972877125363524,-1.5322072509523297,-100.70281776549606
-1.3825831897252796,0.4353175179859884,0.8879019585782376,-0.039830670418956826,-1.3616357760340436,-216.30871059406613
-0.9607666661629468,2.0617279463554943,0.7859317251276996,-0.9069394654050112,-2.308809953929446,-149.6534279983392
0.7642037307464429,1.152025929875908,-1.422117324268516,0.7173298679458726,0.7887174674596517,231.93029002229622
0.4079225124759295,1.5839190792605147,0.2034667793218633,-1.0009998405232625,2.586317668192399,407.0511560300301
0.6726290381564076,0.27224559308333296,-1.3897571380080083,-0.7229680503842294,0.007709351421015756,85.78783390960308
-0.6367553819673573,-0.6572958651017543,-0.2065001530652277,0.26900776996778053,-1.2713592507574198,-224.33798706175057
0.4308861929062516,-0.2725223040248679,-1.0824612948141492,1.9285772529680625,-0.028996277803910227,22.252651776531938
-1.1775087737874392,-9.111886530268265e-05,1.43573311834562,-1.1996981182069546,1.0633302845303332,0.7906063930797566
-0.3095844114308776,-0.5805833945791817,0.25341490785069903,0.5998955879155959,-0.7402474545040337,-135.15576247334548
-0.1399021219161935,-1.2287964144652248,2.1834699217584497,0.7834171337183414,-0.6275028664112096,-157.9175829700984
-0.8217260046933825,-1.8366438752862144,-0.7938302588518729,-0.4041029764690772,-0.23521422226421113,-226.61240199279422
-0.8018563985265383,-0.11359604960580917,-0.1313712703568931,-0.2721306120946173,0.7500600877968112,-1.4886010490020638
0.7303885479965524,-1.376067411664993,-0.8904370554654587,0.6777625425589385,-0.013294860505540042,-31.785123506745155
0.4429997468831835,0.237459471163816,-1.8318998447177193,-0.8468987337459088,-0.04702516377717569,55.902353121511744
0.04966879832456732,-0.13750873114060908,-0.5282398308907673,-0.011117237979902458,0.7033309601588371,66.04365911784149
-0.7221595071596485,-1.575898661124538,0.9592929960262884,-1.3418691111330387,1.8831776516466292,3.1897763394232257
-0.27092692029250065,0.7789934627012182,1.3641359396654658,-0.6900547321948234,-0.4029176111192649,-0.12904755571960963
0.4413637278453517,-0.40060062303520855,-0.27466742082439766,-0.8281441854074554,-1.0832602625061487,-87.20516861071485
-0.5868742741510178,-0.941900319554372,-0.5536699071058612,1.3403286316496874,0.8022110776680311,-41.19754679887731
-0.15656445890377352,0.12602437626817567,-0.13916356803458496,-1.4399414536834276,-0.40730889756125593,-38.8705129447568
0.9524236657581315,-1.3561979032589138,-1.2431565427347353,0.9086523456649455,0.8289305880793416,70.30409440289097
0.5791330010067239,-1.2897241057065887,0.6708817619279361,-1.2456883939931804,3.068143722929871,255.84901097870775
0.2907630443321851,-0.10032678602344147,-0.1767885010974321,-2.1739428549926862,0.4584400577188861,65.9812534139697
0.5890544970707915,0.6938114006755332,-1.1763558930476714,-0.23929698853531048,-1.7569049196971063,-57.33989432326971
0.22832337809443176,1.07949130149545,-1.547560713400957,-0.36845686980643,0.7191442551287913,176.85491461578948
-0.3844871799471922,0.8418376913050751,-0.453324062258881,-0.43898199574888996,-0.5532486991596671,-19.88979136940931
-0.15795479866065712,-0.6306180131149818,-0.7930644826353905,1.519491981836629,-0.924660025208974,-143.60074595928077
0.8198208637170694,0.740752971319619,0.45623908248795697,2.0341694967226087,-0.19392449843276582,114.85592609847824
-1.4093643372640456,1.2847604771882901,-1.2500376630705046,-1.1620840340803538,-0.27084165454826375,-52.825961882031415
-0.7878056290778727,1.7821585739965835,1.071447347032859,0.22182843224997342,0.9798387414253185,159.80339995877432
0.29764403875024864,1.049939915746277,0.1843921160920258,-0.8097215690551767,-2.401198002179737,-119.71998383433493
-0.7132849387138377,0.636508232232573,-1.6847152845123345,0.20795830795785122,1.466903683081817,127.9226159895134
0.4262432705451526,0.6388184715047269,0.00883385398543181,-1.3407460834828115,0.6266583167512229,149.50851744879287
0.08531190153058833,0.3351632643551085,-1.7298496491932658,-2.859313195347925,1.207416162179722,153.07183675955483
0.6834237665884101,0.7479065505259579,1.6741561165907555,0.7539535134116578,0.5591371928514772,176.13421626203228
-0.9867575543310103,-0.027534359995440925,0.5862389184325556,1.6040061379464556,-0.1903108055999342,-102.22522097973884
0.687339135481791,1.3148706188673047,1.0681371697130535,-0.600082988742327,-0.04775479298890215,158.92860058484143
-0.05705611042909961,-0.35486125544488084,-0.29637353149332796,0.6965477654156135,-0.210960094486165,-47.050590840328404
1.1353662593922418,1.5870019964759143,-0.8865908781425162,-0.34794930857382733,0.6359536575700372,284.42410766482425
-1.1400367682553867,-0.19040345633734912,-1.6784049436543358,1.3569231240027013,0.4262917616562266,-68.97819770749115
-0.8346171495332507,1.240894912541144,-0.1811043996843447,-1.0256089050490094,-1.9147042276104167,-161.6651820992803
-3.2727388566748274,-0.36569914411643456,2.362691129039716,1.036385698067707,-1.633048746995655,-469.13186489280633
-0.43626027294745434,0.20008846241642883,0.06964029357227551,1.1120583043763617,0.7063619167863513,49.00797959057624
1.1534584717979495,-0.08906534556238306,0.3976803906139334,1.196059249496955,1.5725954565084745,250.3413903978909
1.7631868799670785,-0.9693644607665725,0.009093115871084499,-0.7791987208067689,0.6267699159420109,151.65115937525425
-1.330322048367474,0.3897435323057297,-0.6393009618588155,0.4500679874490257,1.087068830258699,20.202438865911226
-1.0367897143921638,0.046547144301913194,0.5251503902165388,1.1557244672936067,-0.05867683811944345,-88.13860522589528
-1.037206967800614,2.321838913593523,-0.09163031664082259,1.2381292865800642,0.3870485130801074,119.1905692879448
-0.3267819596723137,-1.593401615379473,-0.8669390550426876,1.472311946071515,-0.20710832223266135,-161.47969202709896
1.5718085664069645,0.5988883629165007,-1.0306661176799112,-0.03195700143848581,1.0712102218667021,292.83545206784294
0.6793580408133105,-0.7725842746962703,-0.8498877903298822,1.640951811827641,-1.1820476755636256,-102.17387626656851
-0.5638432059357036,1.3714836695845154,-0.5547308454952977,1.4197526712262694,0.24198395454260307,79.46516600258175
-0.5760629904016081,-0.15734423224464972,-0.307612142495226,0.6088032865582046,1.2697396141421442,63.722426518690334
0.8643098005973247,1.3114819315595667,1.8920625308133985,-1.3736418194197755,0.9856108548545086,273.1270431944194
-0.3967027729955993,-0.13277946639222235,-2.2308008412055726,-1.7841446567701045,0.8696591619909118,42.41008153876736
0.9126378147251433,-0.902506635294526,0.020868731966872882,0.1614563523498326,0.2222795117361862,42.48073498777742
1.1189914171848017,-0.14982643991289982,1.192209389177481,1.1099423961692114,0.26062490894698914,119.82191601549923
-1.2074399617385716,-2.624838574041865,0.6255109185814167,1.164596895928514,0.2611160381538658,-272.7569796062331
-0.33247571513411034,-1.7731741722849728,-2.6540528275446875,-1.249066334877249,-1.8122301296641858,-329.77325525043005
0.21028870385844345,-2.3084616445108543,-0.5450212356662403,-0.20240669648755993,-0.36432344938455574,-181.9427172541806
-0.8397438551353833,-1.5118492849080816,-0.6847776107243624,-0.44658206636484477,-1.0923276245670934,-286.9585700304028
-0.5414120383213552,0.4612389721339608,-2.1266200014140964,0.7643831009105106,0.16547193361838858,4.640265654681756
0.5083646014386997,-0.9561614124938927,0.4826588388138116,2.2310752542546513,-0.7048822882795188,-87.61383926472709
1.4188092975044073,0.35397497662184385,-1.2501907546088116,-0.2498560870601692,-0.6081541266092888,101.0395663986023
-0.8082710829399621,-1.9132520080274926,0.5753973749417285,1.3266072511234914,-0.6256348063216506,-268.1989024639461
-1.619232695807507,-1.5632220911298422,0.22303879785206404,-0.8649890711050663,-0.6725905362496449,-320.2796737813653
-1.3440012789841997,1.8747607162882787,-1.5114975031901927,-0.5964082747800977,1.1823040900709112,135.45322142838907
-0.9088204416643468,-1.4348390409013163,0.17246988794446627,-0.0765309149439958,0.9382983598591836,-93.43665039509615
-1.8868333826831754,0.8452493249906643,1.4512194545494432,-1.0932542217508239,0.13667306787339556,-89.60907711776098
-0.24494981432723956,-0.968011159086017,0.3753010072182495,-0.23270732965515892,-0.044652279103608236,-92.327429906089
-1.278941859332589,0.016202590588247592,-0.7538011961122467,-0.6865987615389799,-0.07625217816256535,-114.25561203309763
0.760905021299276,1.1230733752220057,-0.8931484146859051,-0.3672377750550032,-0.1554484653801974,141.40651792348288
1.4375832307018312,0.2115049442802883,-0.6502184861142867,0.9957687911555327,2.55616205773462,392.57657558787315
